Associate ID,Associate Name,Email,Gender,Address
5487955,Giustino,gsyde0@ebay.com,Male,5 Moland Plaza
5487956,Freemon,fmeacher1@symantec.com,Male,45310 Paget Pass
5487957,Gardy,grodson2@opera.com,Male,6612 Caliangt Point
5487958,Angelico,abeamond3@youku.com,Male,078 Miller Crossing
5487959,Jobye,jpeacocke4@jugem.jp,Female,09 Petterle Terrace
5487960,Perry,paylen5@statcounter.com,Male,7 Macpherson Court
5487961,Tamas,thawyes6@cam.ac.uk,Male,5 Schlimgen Center
5487962,Byron,bedleston7@google.de,Male,755 Forest Run Junction
5487963,Augusta,avennart8@jugem.jp,Female,90501 Fairview Road
5487964,Abbye,ataverner9@nasa.gov,Female,817 Knutson Park
5487965,Farrel,fhalletta@jugem.jp,Male,3648 Carpenter Place
5487966,Mehetabel,mhorbartb@devhub.com,Female,6 Linden Junction
5487967,Terencio,tquestec@slashdot.org,Male,84 Carioca Junction
5487968,Angus,alettd@blinklist.com,Male,7953 Banding Place
5487969,Ivy,iyarringtone@artisteer.com,Female,8 4th Alley
5487970,Tory,tkordovanif@ow.ly,Female,13269 Hoepker Center
5487971,Susie,sfebreg@1und1.de,Female,110 Morningstar Drive
5487972,Mordecai,mcrockleyh@wix.com,Male,7466 Westerfield Court
5487973,Eleanor,ebolani@liveinternet.ru,Female,7 Blaine Avenue
5487974,Nathan,nrowesj@infoseek.co.jp,Male,30 Golf View Trail
5487975,Latrena,lcurgenuerk@newsvine.com,Female,27635 Heath Hill
5487976,Camella,cpatemorel@umn.edu,Female,90 Armistice Center
5487977,Shepherd,soakwoodm@facebook.com,Male,40064 Talisman Circle
5487978,Gordan,gkibbyen@wikia.com,Male,6 Shopko Way
5487979,Cahra,cmcvieo@cnbc.com,Female,5107 Erie Place
5487980,Rosanne,rnattep@goodreads.com,Female,5 Macpherson Trail
5487981,Gustie,gwarlaweq@redcross.org,Female,2 Dahle Hill
5487982,Lesly,lstauntonr@bandcamp.com,Female,1870 Raven Park
5487983,Cher,cphillipsons@skyrock.com,Female,10637 Carberry Alley
5487984,Winslow,wcurnowt@joomla.org,Male,61621 Doe Crossing Plaza
5487985,Estel,ejacquemardu@squarespace.com,Female,3459 3rd Court
5487986,Evelyn,egiannassiv@123-reg.co.uk,Male,24 Macpherson Park
5487987,Fayette,fswedelandw@dedecms.com,Female,5 Pine View Pass
5487988,Elfrieda,emalsterx@techcrunch.com,Female,588 Talmadge Way
5487989,Melvyn,mwurzy@vistaprint.com,Male,90969 Luster Pass
5487990,Aeriela,amoohanz@netscape.com,Female,0573 Fremont Road
5487991,Luella,lmcasparan10@paginegialle.it,Female,552 Del Sol Street
5487992,Leland,lfranzonetti11@blog.com,Female,4879 Pepper Wood Avenue
5487993,Yardley,ymcminn12@liveinternet.ru,Male,8803 Burning Wood Park
5487994,Loralee,lloch13@ucoz.com,Female,22 Rigney Court
5487995,Juliann,jquinnelly14@youku.com,Female,04841 Loeprich Avenue
5487996,Rafferty,rroches15@craigslist.org,Male,2 Sutherland Center
5487997,Alisha,aiglesiaz16@ca.gov,Female,1 Prairieview Park
5487998,Mariam,mmandry17@jimdo.com,Female,788 Mayer Plaza
5487999,Karin,kzima18@a8.net,Female,5 Riverside Way
5488000,Karrah,kduddell19@dailymail.co.uk,Female,2660 Bunker Hill Drive
5488001,Jeramey,jtersay1a@nymag.com,Male,0615 Meadow Valley Crossing
5488002,Willy,wianizzi1b@cbc.ca,Female,5 Pierstorff Court
5488003,Cyndi,croughsedge1c@go.com,Female,84787 Forest Pass
5488004,Honoria,helfitt1d@craigslist.org,Female,7677 Westport Place
5488005,Cullin,cfulks1e@google.de,Male,2 Emmet Court
5488006,Marcela,mcamplin1f@lulu.com,Female,330 Logan Alley
5488007,Elbertina,ekristoffersen1g@w3.org,Female,373 Washington Place
5488008,Cinnamon,cattryde1h@goodreads.com,Female,136 Ilene Avenue
5488009,Beltran,bcouttes1i@cbsnews.com,Male,71600 Maple Wood Plaza
5488010,Oliviero,obreeze1j@simplemachines.org,Male,66 Blue Bill Park Pass
5488011,Vivia,vcrosseland1k@berkeley.edu,Female,6714 Rigney Lane
5488012,Emmett,eatto1l@uiuc.edu,Male,7 Prairie Rose Junction
5488013,Reg,rdowbiggin1m@digg.com,Male,30025 Lake View Point
5488014,Levon,lashment1n@liveinternet.ru,Male,38 Warrior Parkway
5488015,Elston,ecutress1o@census.gov,Male,1551 Autumn Leaf Center
5488016,Jerrine,jwloch1p@nsw.gov.au,Female,2297 Larry Avenue
5488017,Shell,shoofe1q@bizjournals.com,Male,8210 John Wall Avenue
5488018,Lulu,lkilpatrick1r@ow.ly,Female,604 Hermina Circle
5488019,Maxwell,mrylands1s@scribd.com,Male,74467 Village Court
5488020,Stanleigh,sloche1t@paypal.com,Male,68553 Lien Street
5488021,Sadie,sepelett1u@uiuc.edu,Female,758 Hallows Circle
5488022,Aimee,alumbley1v@cbsnews.com,Female,6 Transport Lane
5488023,Verile,vwoodham1w@slideshare.net,Female,14889 Brickson Park Alley
5488024,Dal,dliddle1x@flavors.me,Male,0427 Mitchell Plaza
5488025,Merv,mbalasin1y@bbb.org,Male,7 Division Avenue
5488026,Vasili,vatchly1z@delicious.com,Male,4170 Meadow Ridge Drive
5488027,Wileen,wphilp20@fda.gov,Female,9 Grasskamp Pass
5488028,Isak,ipiatkowski21@shop-pro.jp,Male,42202 Parkside Lane
5488029,Vasily,vboothe22@yelp.com,Male,47 American Ash Parkway
5488030,Myra,motter23@mac.com,Female,86457 Moland Parkway
5488031,Mariam,mcordle24@ft.com,Female,3 Steensland Parkway
5488032,Corby,cdungey25@mail.ru,Male,91368 Main Hill
5488033,Chaddy,cwalden26@hexun.com,Male,13 Barnett Trail
5488034,Baryram,bkorous27@msu.edu,Male,017 Onsgard Alley
5488035,Babbette,bchong28@ustream.tv,Female,1 Center Circle
5488036,Legra,lwickerson29@prlog.org,Female,982 Burrows Park
5488037,Sisely,sgeram2a@mtv.com,Female,88906 Kennedy Parkway
5488038,Randie,rbolesworth2b@salon.com,Male,96 Golden Leaf Junction
5488039,Sydney,sbresnen2c@prnewswire.com,Male,2388 Hoard Circle
5488040,Gerick,gsexten2d@walmart.com,Male,08 Hintze Circle
5488041,Jemmie,jglidden2e@thetimes.co.uk,Female,7 Arkansas Way
5488042,Harli,hedney2f@census.gov,Female,328 Walton Center
5488043,Isabelita,iquail2g@washington.edu,Female,85 Doe Crossing Way
5488044,Samantha,sofen2h@ocn.ne.jp,Female,4808 Sugar Park
5488045,Janenna,jmcphillimey2i@cargocollective.com,Female,3 Dunning Junction
5488046,Catlin,cmcdougald2j@friendfeed.com,Female,968 Debs Avenue
5488047,Alexi,adebanke2k@accuweather.com,Female,4554 Hudson Road
5488048,Norri,nzanicchi2l@php.net,Female,02 Kinsman Point
5488049,Stafani,sherrero2m@state.gov,Female,7 Lakewood Gardens Street
5488050,Fredelia,fsainsburybrown2n@bbc.co.uk,Female,1 Drewry Place
5488051,Nevin,ndunkersley2o@nasa.gov,Male,074 Hanover Park
5488052,Kendall,kcassely2p@vinaora.com,Male,06 Valley Edge Circle
5488053,Kent,kalthorpe2q@deliciousdays.com,Male,17 Farwell Crossing
5488054,Horace,hchristou2r@wsj.com,Male,65 Johnson Pass
5488055,Jeannie,jbettles2s@wisc.edu,Female,38 Reinke Lane
5488056,Johannes,jcrocker2t@nymag.com,Male,40195 Independence Street
5488057,Even,egrimditch2u@drupal.org,Male,754 Magdeline Lane
5488058,Salaidh,syushmanov2v@uiuc.edu,Female,1993 Nova Court
5488059,Lonnie,lsalliere2w@blog.com,Female,41240 Grasskamp Center
5488060,Jareb,jlinklater2x@opensource.org,Male,6 Stuart Lane
5488061,Samson,shemphall2y@csmonitor.com,Male,3 Meadow Valley Park
5488062,Adler,akeeping2z@constantcontact.com,Male,31343 Northland Lane
5488063,Patsy,pmartino30@amazon.de,Female,94 Cardinal Terrace
5488064,Ab,afinan31@squidoo.com,Male,24137 Judy Alley
5488065,Rozina,rfranzoli32@jalbum.net,Female,06523 Northview Hill
5488066,Hayes,hdemichetti33@wikipedia.org,Male,2664 Forest Run Hill
5488067,Bowie,bashbolt34@g.co,Male,6318 Cherokee Point
5488068,Elwood,eleppard35@freewebs.com,Male,9505 Birchwood Court
5488069,Pansie,ptrevenu36@pcworld.com,Female,57 Northport Place
5488070,Kennett,kbroadhead37@blogtalkradio.com,Male,953 Calypso Center
5488071,Mohammed,madamsky38@smh.com.au,Male,49 Clemons Circle
5488072,Davis,dmessiter39@live.com,Male,42997 Hoffman Park
5488073,Bordy,bishchenko3a@etsy.com,Male,81 Hovde Place
5488074,Bobbee,bargabrite3b@nyu.edu,Female,54 Sage Plaza
5488075,Maggy,megginson3c@squidoo.com,Female,4 Thackeray Crossing
5488076,Ivor,iminister3d@ucla.edu,Male,4476 Bay Point
5488077,Claudianus,cdemageard3e@google.es,Male,17596 Lakewood Gardens Alley
5488078,Jerrome,jscoles3f@homestead.com,Male,43653 Blackbird Avenue
5488079,Erma,ecodling3g@blog.com,Female,25021 Homewood Parkway
5488080,Maryanne,mettles3h@china.com.cn,Female,76374 School Trail
5488081,Cariotta,cjones3i@hugedomains.com,Female,23260 South Trail
5488082,Roma,rbech3j@webeden.co.uk,Male,1155 Milwaukee Crossing
5488083,Berenice,bswiffin3k@webs.com,Female,482 6th Place
5488084,Porty,pbeetham3l@ed.gov,Male,9841 Dunning Park
5488085,Dorie,dforre3m@ameblo.jp,Female,4 1st Street
5488086,Lilyan,ldubbin3n@bluehost.com,Female,10461 Vermont Road
5488087,Marya,mmacallister3o@apple.com,Female,1 Muir Trail
5488088,Chrysler,csmuth3p@comsenz.com,Female,37 Mesta Crossing
5488089,Gaston,gbern3q@mayoclinic.com,Male,77142 Corry Drive
5488090,Haskell,hroderigo3r@cbc.ca,Male,9 Ohio Hill
5488091,Ruth,rfreeman3s@sfgate.com,Female,16093 Pearson Parkway
5488092,Chevalier,ceke3t@prnewswire.com,Male,43 Debra Plaza
5488093,Katy,kmccaster3u@mail.ru,Female,57977 Ridge Oak Drive
5488094,Svend,scourtney3v@earthlink.net,Male,4293 Corry Center
5488095,Camey,cjohnson3w@usatoday.com,Male,2 Mayfield Drive
5488096,Lorrin,lgrimwad3x@smh.com.au,Female,797 Portage Junction
5488097,Matty,mreubens3y@ifeng.com,Male,0908 Cordelia Terrace
5488098,Randy,rhuthart3z@amazon.com,Male,15771 Burrows Avenue
5488099,Harwell,hhusher40@facebook.com,Male,43276 Aberg Avenue
5488100,Maury,mdandie41@reverbnation.com,Male,000 Veith Court
5488101,Kaitlyn,kseiler42@unblog.fr,Female,456 Crowley Road
5488102,Ede,emoss43@marketwatch.com,Female,28950 Jenna Point
5488103,Felicio,ffaulconbridge44@dailymotion.com,Male,0114 Harbort Plaza
5488104,Alysa,azienkiewicz45@barnesandnoble.com,Female,4 Buena Vista Hill
5488105,Wendie,wtite46@odnoklassniki.ru,Female,9 Loeprich Court
5488106,Donnie,dstookes47@nifty.com,Female,61011 Brentwood Road
5488107,Jeffrey,jenrich48@printfriendly.com,Male,006 Bluejay Court
5488108,Dalenna,ddoulden49@europa.eu,Female,695 Eggendart Place
5488109,Huey,hkyle4a@ted.com,Male,933 Vernon Drive
5488110,Damara,dklesse4b@usgs.gov,Female,1710 Vernon Court
5488111,Everard,ewigmore4c@dion.ne.jp,Male,8748 Mallard Crossing
5488112,Alicea,abaroch4d@list-manage.com,Female,30 Debra Road
5488113,Laurella,lfalconar4e@home.pl,Female,4494 Redwing Lane
5488114,Kathlin,kkubis4f@youtube.com,Female,871 Oak Circle
5488115,Hadleigh,hdike4g@cbslocal.com,Male,6 Esker Trail
5488116,Quincy,qsobieski4h@t.co,Male,2981 Packers Court
5488117,Yehudi,ycrees4i@printfriendly.com,Male,130 Schmedeman Court
5488118,Raynell,rhaddleston4j@imageshack.us,Female,2 Eastwood Hill
5488119,Carmelina,coldred4k@abc.net.au,Female,54 Sullivan Avenue
5488120,Polly,pseefus4l@ed.gov,Female,3 Alpine Drive
5488121,Val,vyukhnin4m@mlb.com,Male,59402 Harper Way
5488122,Meryl,mmettetal4n@cornell.edu,Male,8 Carioca Way
5488123,Valentine,vschreiner4o@booking.com,Male,564 Mesta Terrace
5488124,Kendra,khapgood4p@360.cn,Female,1 Fuller Park
5488125,Aurea,aroger4q@google.de,Female,587 Hudson Street
5488126,Vernon,vmacarthur4r@npr.org,Male,2 Oak Valley Way
5488127,Annemarie,apatience4s@eepurl.com,Female,9 Swallow Junction
5488128,Stafford,slademann4t@deviantart.com,Male,018 Meadow Valley Alley
5488129,Jeth,jbabin4u@google.com.hk,Male,6370 Barby Junction
5488130,Innis,ifew4v@apple.com,Male,862 Crownhardt Alley
5488131,Wilmer,wbiaggetti4w@stanford.edu,Male,0595 Jana Place
5488132,Fawnia,fphilipeau4x@unc.edu,Female,54 Welch Plaza
5488133,Fonsie,fwarburton4y@dion.ne.jp,Male,779 Huxley Junction
5488134,Brittan,bwerndly4z@wordpress.org,Female,2 Lerdahl Point
5488135,Boniface,bstrawbridge50@va.gov,Male,7 Burrows Court
5488136,Cathleen,cdeclerc51@acquirethisname.com,Female,51 Del Mar Pass
5488137,Vincenz,vscarbarrow52@cloudflare.com,Male,91685 Ridgeway Road
5488138,Brigitta,btabrett53@scribd.com,Female,7090 Saint Paul Plaza
5488139,Bendite,bomannion54@ocn.ne.jp,Female,9368 Parkside Plaza
5488140,Myrlene,mkemwal55@devhub.com,Female,9 Chinook Street
5488141,Adolphus,abarensen56@thetimes.co.uk,Male,78 Iowa Lane
5488142,Ilario,ipatrickson57@slashdot.org,Male,2 Rutledge Center
5488143,Fran,fgeraudel58@taobao.com,Male,10 Hazelcrest Parkway
5488144,Huntlee,hpisculli59@eepurl.com,Male,7838 Toban Plaza
5488145,Alameda,aodunniom5a@microsoft.com,Female,46 Karstens Pass
5488146,Shannon,spappi5b@ask.com,Female,5 Autumn Leaf Alley
5488147,Benjamen,bflett5c@woothemes.com,Male,38 Nobel Trail
5488148,Malachi,mlent5d@devhub.com,Male,7 Hintze Street
5488149,Pat,phearmon5e@jiathis.com,Female,052 Blackbird Avenue
5488150,Cindra,cwyllcock5f@cbslocal.com,Female,160 Bayside Park
5488151,Annalee,astear5g@reuters.com,Female,5765 Merchant Drive
5488152,Lidia,lshorton5h@reddit.com,Female,197 Colorado Terrace
5488153,Ignaz,igimenez5i@artisteer.com,Male,0 Amoth Avenue
5488154,Glynda,ganlay5j@howstuffworks.com,Female,60941 Chinook Avenue
5488155,Major,mjeffreys5k@rambler.ru,Male,95767 Alpine Parkway
5488156,Hanson,hmcellen5l@intel.com,Male,2261 Schiller Center
5488157,Benjamen,bgensavage5m@vk.com,Male,231 Claremont Crossing
5488158,Bryan,bbortoli5n@mapy.cz,Male,5 Springview Junction
5488159,Gregory,givory5o@state.gov,Male,7 Thompson Alley
5488160,Ewen,emcgeoch5p@sohu.com,Male,72 Claremont Park
5488161,Cloris,ckeppe5q@deviantart.com,Female,4 Transport Center
5488162,Hewe,hsenecaux5r@google.com.br,Male,268 Sycamore Road
5488163,Raeann,rmckernan5s@nps.gov,Female,83 Texas Hill
5488164,Stavro,sstorie5t@statcounter.com,Male,6051 Surrey Trail
5488165,Rachelle,rstenyng5u@weather.com,Female,1801 Coleman Pass
5488166,Marsiella,mcouser5v@goodreads.com,Female,508 Manufacturers Street
5488167,Juliet,jverrick5w@time.com,Female,4703 Parkside Way
5488168,Averil,ablackie5x@360.cn,Male,81 Sachs Junction
5488169,Yoshiko,yachurch5y@ucoz.ru,Female,0779 Golf Course Circle
5488170,Fabien,fblythin5z@msn.com,Male,5 Blaine Plaza
5488171,Elysha,ewoodman60@meetup.com,Female,100 Sutherland Trail
5488172,Lynne,lbygott61@va.gov,Female,8005 Dixon Junction
5488173,Tod,tbeckhouse62@squarespace.com,Male,10 Paget Point
5488174,Glory,ggolt63@arizona.edu,Female,3956 Park Meadow Way
5488175,Jecho,jgoodrum64@springer.com,Male,4336 Hoffman Street
5488176,Gabbi,gpailin65@weibo.com,Female,10164 Fieldstone Plaza
5488177,Arleta,amedland66@rakuten.co.jp,Female,8852 Esch Way
5488178,Marsha,mmuzzlewhite67@economist.com,Female,97 Troy Street
5488179,Dodi,dtarge68@webnode.com,Female,280 Waxwing Place
5488180,Javier,jolin69@time.com,Male,41557 Vera Road
5488181,Durward,ddurrant6a@economist.com,Male,315 Larry Crossing
5488182,Prentiss,pcaldwell6b@scribd.com,Male,0 Transport Hill
5488183,Doroteya,ddunphy6c@aol.com,Female,46511 Forster Place
5488184,Catlee,cruddoch6d@wordpress.com,Female,5 Meadow Valley Pass
5488185,Ferdinande,fdadds6e@marriott.com,Female,47 Gerald Alley
5488186,Gay,gtatlow6f@qq.com,Male,75 Cordelia Plaza
5488187,Aksel,adimanche6g@wix.com,Male,28 Mccormick Avenue
5488188,Allen,afray6h@arstechnica.com,Male,661 Londonderry Hill
5488189,Joane,jmckinie6i@amazonaws.com,Female,7702 Rusk Parkway
5488190,Alva,aeaken6j@ucoz.ru,Male,2194 High Crossing Junction
5488191,Sebastien,sbolver6k@list-manage.com,Male,58880 Holy Cross Avenue
5488192,Case,cbrettelle6l@ow.ly,Male,752 Stang Avenue
5488193,Colman,cshervington6m@dropbox.com,Male,6 Dunning Court
5488194,Jackie,jnovacek6n@archive.org,Male,14563 Fairfield Parkway
5488195,Clarke,cfitzsymons6o@hp.com,Male,49 Logan Terrace
5488196,Devin,dpickersgill6p@bloglines.com,Male,24 Fair Oaks Place
5488197,Jessie,jmcgeady6q@fda.gov,Female,86 Parkside Place
5488198,Malia,mprettyjohns6r@who.int,Female,52182 Barby Crossing
5488199,Mallory,mgawler6s@github.com,Female,13417 Katie Plaza
5488200,Kendra,kmapham6t@blogger.com,Female,569 Service Terrace
5488201,Willie,wkollaschek6u@hud.gov,Male,77706 Northport Road
5488202,Iseabal,idemarchi6v@tripod.com,Female,7082 Lake View Junction
5488203,Gonzales,gjelly6w@eepurl.com,Male,083 Merry Center
5488204,Peterus,ptuftin6x@dion.ne.jp,Male,2937 Shopko Drive
5488205,Roberta,rsevers6y@nifty.com,Female,298 Kedzie Circle
5488206,Xenia,xgarric6z@senate.gov,Female,493 Monica Junction
5488207,Clayborn,cdiano70@soup.io,Male,94 Birchwood Hill
5488208,Quintin,qlipson71@hatena.ne.jp,Male,523 Esch Avenue
5488209,Moria,msommers72@twitter.com,Female,286 Cordelia Plaza
5488210,Vivian,vneesam73@youku.com,Female,31 Northridge Center
5488211,Cedric,cnockles74@goo.ne.jp,Male,936 Mallory Alley
5488212,Josee,jpusill75@opensource.org,Female,45 Milwaukee Point
5488213,Clareta,cwidocks76@wiley.com,Female,0417 5th Park
5488214,Bessie,bmuffin77@xinhuanet.com,Female,745 Moulton Drive
5488215,Yancy,yroullier78@shinystat.com,Male,21643 Pearson Parkway
5488216,Raddy,rworboys79@cnn.com,Male,08341 Maryland Plaza
5488217,Jilli,jallenby7a@huffingtonpost.com,Female,4 Sundown Alley
5488218,Standford,slegat7b@liveinternet.ru,Male,8 Warrior Trail
5488219,Rhetta,rdepke7c@dropbox.com,Female,0 Hanover Lane
5488220,Tanitansy,tocassidy7d@weibo.com,Female,73 Butterfield Way
5488221,Levi,ljaszczak7e@npr.org,Male,8970 Thackeray Parkway
5488222,Charita,clatham7f@wisc.edu,Female,408 Hoepker Court
5488223,Daniella,dvalentine7g@pcworld.com,Female,59 Nevada Junction
5488224,Eada,egeyton7h@taobao.com,Female,80 Bellgrove Lane
5488225,Simonette,slydiard7i@stanford.edu,Female,06 Talisman Drive
5488226,Jess,jcopplestone7j@kickstarter.com,Male,32 Southridge Terrace
5488227,Sibelle,stwiddle7k@geocities.com,Female,3 Hanson Park
5488228,Ingeborg,ispring7l@si.edu,Female,1270 Kinsman Park
5488229,Madalyn,mfisbey7m@va.gov,Female,129 Valley Edge Junction
5488230,Webster,wisbell7n@tuttocitta.it,Male,54559 Melrose Park
5488231,Zak,zjanczyk7o@mail.ru,Male,5 Sherman Alley
5488232,Earl,eaplin7p@github.io,Male,84120 Hollow Ridge Hill
5488233,Rosemarie,rwinslade7q@google.ru,Female,03 Fremont Crossing
5488234,Shepard,sizzett7r@yahoo.co.jp,Male,35 Annamark Circle
5488235,Sutton,spicker7s@springer.com,Male,219 Express Way
5488236,Hastings,hkilgannon7t@godaddy.com,Male,9 Pine View Pass
5488237,Marybeth,mtomlins7u@reference.com,Female,617 Corben Hill
5488238,Cosmo,cdigiacomettino7v@last.fm,Male,326 Longview Court
5488239,Henri,hdominichetti7w@imageshack.us,Male,0800 Melvin Point
5488240,Carlita,corto7x@cnet.com,Female,020 Glendale Hill
5488241,Cleopatra,cpuve7y@sitemeter.com,Female,4965 Dayton Drive
5488242,Danice,dzammitt7z@skype.com,Female,357 Hoepker Park
5488243,Clerkclaude,cschlagh80@gmpg.org,Male,7574 Anthes Court
5488244,Leo,lmoatt81@topsy.com,Male,157 Union Drive
5488245,Angelina,aguillart82@jigsy.com,Female,272 Coolidge Place
5488246,Anjanette,apaffley83@hp.com,Female,057 Main Crossing
5488247,Joyan,jmacgillespie84@zdnet.com,Female,45367 Schmedeman Lane
5488248,Roger,rmabbe85@skype.com,Male,37 Lyons Trail
5488249,Alfredo,adomnick86@go.com,Male,946 Holy Cross Avenue
5488250,Ethelind,edarrigoe87@bigcartel.com,Female,1302 Lighthouse Bay Way
5488251,Quintus,qpigram88@topsy.com,Male,78605 Mayer Pass
5488252,Aimil,adinsmore89@mlb.com,Female,08 Columbus Circle
5488253,Devlin,dszimon8a@who.int,Male,105 Scofield Street
5488254,Earvin,eingleton8b@yandex.ru,Male,905 Prairie Rose Alley
5488255,Charo,ctalman8c@so-net.ne.jp,Female,4 Paget Alley
5488256,Vito,vbodycomb8d@list-manage.com,Male,13631 Golf Course Drive
5488257,Kaia,kplester8e@pinterest.com,Female,7380 Garrison Point
5488258,Nye,nstamps8f@woothemes.com,Male,6 Rowland Parkway
5488259,Bryanty,bbradwell8g@intel.com,Male,2740 Chive Drive
5488260,Noemi,ncastree8h@histats.com,Female,3840 Laurel Pass
5488261,Bess,bmelmar8i@indiatimes.com,Female,330 Annamark Street
5488262,Harlie,hcranefield8j@icio.us,Female,173 Southridge Park
5488263,Zerk,zcosley8k@last.fm,Male,9 High Crossing Point
5488264,Herb,hlimpkin8l@elpais.com,Male,0 Fallview Center
5488265,Kassey,kivashechkin8m@google.ca,Female,95305 Northland Circle
5488266,Katharine,khoggan8n@ucsd.edu,Female,87278 Dayton Terrace
5488267,Susanne,sprinne8o@taobao.com,Female,14501 Atwood Circle
5488268,Gabbie,gwanka8p@elpais.com,Male,8 Lerdahl Lane
5488269,Ferguson,fstych8q@ibm.com,Male,9 Armistice Place
5488270,Andrus,apresslie8r@japanpost.jp,Male,15 Oriole Hill
5488271,Rustie,rmighele8s@123-reg.co.uk,Male,90 Jenifer Place
5488272,Christy,cslegg8t@4shared.com,Male,0 Russell Drive
5488273,Kaitlyn,knewvell8u@army.mil,Female,94 Division Place
5488274,Papageno,poleszcuk8v@intel.com,Male,276 Petterle Junction
5488275,Cathee,cvoff8w@ycombinator.com,Female,99481 Annamark Alley
5488276,Stevana,smactrustey8x@facebook.com,Female,2 Farragut Hill
5488277,Laurence,larthan8y@bbc.co.uk,Male,366 Quincy Road
5488278,Raymond,rjenton8z@feedburner.com,Male,84059 Cottonwood Park
5488279,Leann,ldoree90@deviantart.com,Female,103 Gale Terrace
5488280,Gare,gbrackpool91@ucla.edu,Male,73 Carberry Way
5488281,Marline,mmcanalley92@nytimes.com,Female,581 Golden Leaf Plaza
5488282,Sashenka,scyphus93@godaddy.com,Female,44848 Eagan Center
5488283,Gerladina,gearie94@nytimes.com,Female,0743 Spenser Trail
5488284,Xena,xreboulet95@w3.org,Female,23043 Fairview Center
5488285,Jarvis,jpettiward96@indiatimes.com,Male,758 Erie Pass
5488286,Bevon,btonnesen97@lulu.com,Male,4373 Gale Junction
5488287,Lurleen,lbearward98@sciencedirect.com,Female,24 Florence Circle
5488288,Shandie,sowenson99@flickr.com,Female,119 Florence Park
5488289,Lynde,lpineaux9a@google.cn,Female,331 Kim Junction
5488290,Alejandrina,acanby9b@webeden.co.uk,Female,16930 Del Sol Avenue
5488291,Darius,ddsouza9c@forbes.com,Male,0923 Ramsey Street
5488292,Anetta,atennewell9d@nyu.edu,Female,6182 Veith Junction
5488293,Jarrett,jjack9e@google.pl,Male,33685 Barnett Drive
5488294,Anderson,acaslake9f@adobe.com,Male,07 Del Sol Place
5488295,Grier,grichings9g@reuters.com,Female,21 Heffernan Point
5488296,Geno,gbunhill9h@eepurl.com,Male,232 Chinook Alley
5488297,Xylia,xjoyce9i@army.mil,Female,8536 Del Mar Crossing
5488298,Corabella,collis9j@europa.eu,Female,044 Morning Road
5488299,Franny,fadelsberg9k@feedburner.com,Male,23 Rigney Plaza
5488300,Lothaire,lboone9l@t-online.de,Male,210 Mallard Parkway
5488301,Elissa,eesilmon9m@answers.com,Female,214 Sloan Point
5488302,Naoma,nlamanby9n@icq.com,Female,5577 Hooker Street
5488303,Etan,eblackler9o@digg.com,Male,5481 Norway Maple Alley
5488304,Kahaleel,kburdin9p@ocn.ne.jp,Male,42 Loeprich Plaza
5488305,Aguistin,adicey9q@ebay.co.uk,Male,98 Fieldstone Junction
5488306,Viki,vnovacek9r@ucsd.edu,Female,35337 Westerfield Center
5488307,Leonelle,lduny9s@creativecommons.org,Female,04766 Continental Circle
5488308,Pepillo,pblazejewski9t@hubpages.com,Male,158 Fieldstone Drive
5488309,Antin,aantonignetti9u@biglobe.ne.jp,Male,85459 Briar Crest Pass
5488310,Normy,nwait9v@weibo.com,Male,775 Bowman Avenue
5488311,Ephrayim,eonion9w@paginegialle.it,Male,6 Merrick Drive
5488312,Joelynn,jfargher9x@thetimes.co.uk,Female,6 Dunning Way
5488313,Ozzy,oknok9y@trellian.com,Male,52155 Forest Run Drive
5488314,Jaine,jmackie9z@techcrunch.com,Female,913 American Avenue
5488315,Tan,tconigsbya0@mlb.com,Male,822 Troy Alley
5488316,Abelard,apalka1@sphinn.com,Male,85031 Cascade Hill
5488317,Samuele,smarsaya2@exblog.jp,Male,430 Spohn Plaza
5488318,Lothario,ldoolera3@google.co.uk,Male,2687 Spohn Junction
5488319,Roderich,rcampbella4@wufoo.com,Male,49422 Katie Way
5488320,Fletcher,fmercya5@pcworld.com,Male,7318 Warrior Place
5488321,Tarah,tkinceya6@ucoz.ru,Female,39 Green Ridge Trail
5488322,Laurene,locorranea7@bandcamp.com,Female,735 Emmet Junction
5488323,Ulick,ugargetta8@geocities.com,Male,32 Sachtjen Terrace
5488324,Mia,mdenisyuka9@photobucket.com,Female,44 Talisman Center
5488325,Byran,bangricaa@scientificamerican.com,Male,12869 Portage Drive
5488326,Joyous,jyushkinab@uiuc.edu,Female,2 Golf View Point
5488327,Michele,mmalcherac@sina.com.cn,Male,01599 Oakridge Hill
5488328,Rriocard,rnormanvillad@qq.com,Male,608 High Crossing Lane
5488329,Cyrill,cfaustianae@unesco.org,Male,6 Donald Street
5488330,Laird,ljenkinsaf@engadget.com,Male,47115 Holy Cross Circle
5488331,Von,vmackaigag@desdev.cn,Male,9606 Mayer Drive
5488332,Adelaide,adalstonah@timesonline.co.uk,Female,82 Esker Hill
5488333,Jonis,jmelvinai@toplist.cz,Female,3 Talisman Trail
5488334,Shirleen,skeoghaj@dagondesign.com,Female,8047 Nobel Parkway
5488335,Guglielma,gmarunchakak@marriott.com,Female,97 Forest Run Court
5488336,Abby,akoeppeal@comsenz.com,Male,736 Esker Plaza
5488337,Heida,hcolvinam@google.cn,Female,03903 Dunning Park
5488338,Hilton,hlegrysan@state.tx.us,Male,4736 Kennedy Way
5488339,Lindsay,lbeedleao@dmoz.org,Female,630 Namekagon Terrace
5488340,Ceciley,cdreigherap@mozilla.com,Female,252 Sundown Pass
5488341,Abbe,achurchardaq@hexun.com,Female,31070 Riverside Road
5488342,Seumas,sstansellar@diigo.com,Male,8118 Morningstar Road
5488343,Nathanial,ndudleyas@alibaba.com,Male,1782 Mallory Road
5488344,Victoria,vlemeryat@senate.gov,Female,735 Grim Alley
5488345,Sergio,sbemwellau@hugedomains.com,Male,969 Brentwood Trail
5488346,Shauna,scarffav@bloglovin.com,Female,759 Sommers Court
5488347,Glenda,gwhitakeraw@google.co.uk,Female,1266 Banding Parkway
5488348,Worthy,wthebeauax@census.gov,Male,6636 Tennyson Lane
5488349,Muffin,mlanehamay@mapquest.com,Female,1578 Daystar Road
5488350,Sue,sbottleaz@dagondesign.com,Female,202 7th Park
5488351,Michell,mwerndlyb0@flickr.com,Female,81093 Corry Point
5488352,Sebastien,stripletb1@nationalgeographic.com,Male,1 Pine View Hill
5488353,Alaine,akoberab2@miibeian.gov.cn,Female,5573 Jana Pass
5488354,Cara,crobersb3@stumbleupon.com,Female,422 Coolidge Street
5488355,Reinald,rbeagleyb4@cnbc.com,Male,9 Mandrake Place
5488356,Ricki,rdanielb5@netvibes.com,Female,93 Hollow Ridge Trail
5488357,Nedi,nlauretb6@psu.edu,Female,2722 Towne Terrace
5488358,Eleanora,eblakeyb7@google.co.uk,Female,6 Green Junction
5488359,Raoul,rmulmurayb8@github.com,Male,019 Texas Road
5488360,Iolande,iloggb9@ucoz.ru,Female,9265 Burrows Junction
5488361,Ezequiel,esilverstoneba@printfriendly.com,Male,6 Clove Plaza
5488362,Lowe,lgrutchfieldbb@hubpages.com,Male,82 Spohn Center
5488363,Carny,ctubblesbc@google.it,Male,3538 Truax Trail
5488364,Giuseppe,glynambd@wikipedia.org,Male,397 Dayton Pass
5488365,Cherianne,cpinarebe@domainmarket.com,Female,0755 Oakridge Terrace
5488366,Jilly,jrainfordbf@youtube.com,Female,231 Anniversary Point
5488367,Niven,nlyndebg@dion.ne.jp,Male,82115 Almo Road
5488368,Corbett,cedonbh@studiopress.com,Male,73161 Blue Bill Park Point
5488369,Emmalee,erusselbi@cisco.com,Female,53 Tennessee Point
5488370,Marybelle,mjanousekbj@mit.edu,Female,00633 Sloan Park
5488371,Padget,pkilgrovebk@dion.ne.jp,Male,5 Marcy Way
5488372,Ryun,rplaydenbl@creativecommons.org,Male,49222 Gateway Drive
5488373,Ronny,rhalbeardbm@cargocollective.com,Female,8 Annamark Hill
5488374,Avrom,aokeefebn@marketwatch.com,Male,45433 Alpine Pass
5488375,Nickola,nlazenbybo@marketwatch.com,Male,60562 Linden Lane
5488376,Roger,rcaneybp@g.co,Male,877 Starling Pass
5488377,Colan,cupsonbq@rakuten.co.jp,Male,88 Bartillon Way
5488378,Eliot,ejurgensenbr@bandcamp.com,Male,6 Del Mar Crossing
5488379,Darnell,dbossombs@reverbnation.com,Male,89 Green Ridge Lane
5488380,Talia,tlightbodybt@reference.com,Female,781 Mayer Place
5488381,Lainey,lvasechkinbu@privacy.gov.au,Female,9568 Toban Road
5488382,Arman,aweatherellbv@arstechnica.com,Male,0 West Park
5488383,Jessey,jvasilchenkobw@github.io,Male,92 Northview Parkway
5488384,Celestia,ckirkmanbx@yale.edu,Female,04 Texas Trail
5488385,Juliette,jgreenleafby@msu.edu,Female,7 Marquette Way
5488386,Ingelbert,ibuttsbz@storify.com,Male,71079 Union Plaza
5488387,Cassaundra,cpollicattc0@phoca.cz,Female,98314 Roxbury Lane
5488388,Nonna,neastmentc1@cnn.com,Female,5 Dwight Drive
5488389,Sergei,sgiacoboc2@uiuc.edu,Male,62810 Glacier Hill Park
5488390,Anthe,akeavesc3@simplemachines.org,Female,3403 Northview Drive
5488391,Eleanore,eklimmekc4@goo.gl,Female,05691 Pawling Road
5488392,Brady,bmurdyc5@mashable.com,Male,61027 Burning Wood Center
5488393,Bee,boswellc6@4shared.com,Female,22 Summer Ridge Avenue
5488394,Petr,pbissetc7@ucoz.com,Male,1 Park Meadow Pass
5488395,Lalo,lparcellsc8@issuu.com,Male,57539 Del Mar Center
5488396,Kristo,kmacdonellc9@github.io,Male,29 Spenser Parkway
5488397,Bette-ann,bableyca@odnoklassniki.ru,Female,28 5th Drive
5488398,Muhammad,mrojahncb@alexa.com,Male,5 Linden Drive
5488399,Andeee,aishakcc@twitter.com,Female,46 Elgar Road
5488400,Janela,jcopscd@ucoz.com,Female,740 Park Meadow Drive
5488401,Rube,rtruckellce@telegraph.co.uk,Male,2730 Hazelcrest Lane
5488402,Keriann,kwattoncf@mapquest.com,Female,20632 Reinke Road
5488403,Teresa,tslorancecg@pagesperso-orange.fr,Female,390 Thompson Trail
5488404,Salmon,senrichch@wordpress.org,Male,03 Wayridge Hill
5488405,Blane,bskiggsci@vinaora.com,Male,1171 Roxbury Park
5488406,Joshua,jgurwoodcj@merriam-webster.com,Male,3196 Blaine Parkway
5488407,Luelle,lcreavenck@behance.net,Female,7473 Garrison Parkway
5488408,Krishna,khearfieldcl@symantec.com,Male,46489 American Ash Terrace
5488409,Seward,swestwellcm@discovery.com,Male,61510 Menomonie Plaza
5488410,Roana,rendersbycn@vk.com,Female,145 Buell Road
5488411,Zebedee,zskowcraftco@mail.ru,Male,603 Granby Place
5488412,Udale,ukerleycp@dailymotion.com,Male,3236 Talmadge Junction
5488413,Dorena,dspradbrowcq@sbwire.com,Female,3924 Golf View Way
5488414,Joyous,jlebarrcr@flickr.com,Female,483 Carioca Avenue
5488415,Michel,mbamlingcs@mapquest.com,Male,504 Elka Street
5488416,Karry,kclaasenct@diigo.com,Female,64097 Iowa Pass
5488417,Darbee,ddanielkiewiczcu@dropbox.com,Male,5 Glacier Hill Terrace
5488418,Virginie,vhymuscv@twitter.com,Female,3 Homewood Crossing
5488419,Nissa,nfeltencw@livejournal.com,Female,49 Swallow Circle
5488420,Emlynn,eguideracx@foxnews.com,Female,26 Memorial Parkway
5488421,Gustavus,gsoutherillcy@admin.ch,Male,47 Mcbride Crossing
5488422,Mohandis,mainsburycz@ox.ac.uk,Male,4 Village Trail
5488423,Sheree,scheatled0@flickr.com,Female,03 Magdeline Place
5488424,Alf,aplessingd1@wikimedia.org,Male,684 Fieldstone Park
5488425,Toiboid,tbaggallyd2@google.com,Male,90 Manley Junction
5488426,Emmaline,epeed3@google.com.hk,Female,7 Manufacturers Avenue
5488427,Anatola,azoldd4@bbb.org,Female,45245 Bashford Pass
5488428,Bartlett,bmacnucatord5@jimdo.com,Male,31 Russell Park
5488429,Meghann,mcasajuanad6@disqus.com,Female,35814 Redwing Road
5488430,Marilee,mrobked7@goo.gl,Female,2137 Lakewood Gardens Plaza
5488431,Rubin,rmastermand8@nsw.gov.au,Male,897 Bartillon Plaza
5488432,Stephi,sdorracottd9@instagram.com,Female,54 Old Gate Street
5488433,Clarita,cdickieda@devhub.com,Female,437 Eagan Plaza
5488434,Curr,cdaydb@mail.ru,Male,4 Claremont Place
5488435,Emlyn,estuerdc@adobe.com,Male,99 School Drive
5488436,Lorena,lsabbandd@hc360.com,Female,2735 Debs Alley
5488437,Susanna,srigtsde@imgur.com,Female,337 Weeping Birch Point
5488438,Minnaminnie,mtythedf@nhs.uk,Female,9826 Hovde Street
5488439,Keely,kcostigandg@arstechnica.com,Female,5784 Mayer Park
5488440,Sashenka,sjankovicdh@opera.com,Female,350 Westport Park
5488441,Avram,alinderdi@accuweather.com,Male,2954 Vermont Trail
5488442,Arin,aackerleydj@cnn.com,Male,2 Dryden Parkway
5488443,Emlynn,epriddendk@rambler.ru,Female,3759 Sauthoff Hill
5488444,Huntley,hwadelindl@nyu.edu,Male,9 Miller Drive
5488445,Tanney,tcaughtrydm@bing.com,Male,6883 Westend Avenue
5488446,Pennie,pwadmandn@comsenz.com,Male,517 Orin Plaza
5488447,Kial,kcarlondo@cnet.com,Female,9354 Spaight Trail
5488448,Madalyn,mclairedp@quantcast.com,Female,2 Florence Point
5488449,Coleen,ckadwalliderdq@alexa.com,Female,187 Calypso Circle
5488450,Hortensia,hravenscrofttdr@zimbio.com,Female,9 4th Terrace
5488451,Iggy,iwapleds@samsung.com,Male,29 Rieder Hill
5488452,Monti,mconnickdt@google.pl,Male,2954 Merrick Park
5488453,Britte,bdensundu@china.com.cn,Female,0089 Elmside Plaza
5488454,Dennis,dhedneydv@theatlantic.com,Male,4 Grover Park
5488455,Blake,bmacdiarmonddw@nifty.com,Female,3376 6th Park
5488456,Richardo,rswithenbydx@arizona.edu,Male,90871 Homewood Center
5488457,Alma,acordydy@abc.net.au,Female,0092 Ruskin Trail
5488458,Hanson,hupsaledz@toplist.cz,Male,34 Bartillon Center
5488459,Erv,epiotre0@dropbox.com,Male,72956 Montana Crossing
5488460,Kurt,kpearsone1@youtu.be,Male,31539 Bultman Plaza
5488461,Herrick,hjaffreye2@histats.com,Male,72 Pearson Parkway
5488462,Esme,epavlenkoe3@princeton.edu,Male,4772 Transport Way
5488463,Ezri,edabornee4@sourceforge.net,Male,995 Bay Circle
5488464,Perle,phargrovee5@devhub.com,Female,0551 Forest Lane
5488465,Sydney,smardlinge6@elegantthemes.com,Male,86 Mandrake Crossing
5488466,Paulina,pmacalroye7@yale.edu,Female,218 Fair Oaks Trail
5488467,Iona,isloleye8@time.com,Female,977 Talisman Avenue
5488468,Bil,bailwarde9@dailymotion.com,Male,8064 Elgar Point
5488469,Rubin,rennalsea@com.com,Male,6 Prentice Plaza
5488470,Noelani,ngumbrelleb@opensource.org,Female,86 Sloan Pass
5488471,Alisander,acoldrickec@oakley.com,Male,5155 Rieder Pass
5488472,Lizette,lgulyed@people.com.cn,Female,8 Iowa Drive
5488473,Dimitry,dlervenee@icq.com,Male,7160 Alpine Plaza
5488474,Chico,cmugglestoneef@symantec.com,Male,539 Elka Lane
5488475,Travis,tbellwardeg@instagram.com,Male,7518 Brentwood Point
5488476,Cassy,cbrowneeh@chron.com,Female,05 Sloan Street
5488477,Muhammad,mhollidgeei@wufoo.com,Male,93 3rd Drive
5488478,Barnie,bcochranej@globo.com,Male,09482 Union Street
5488479,Scarface,spopeleyek@webeden.co.uk,Male,529 New Castle Place
5488480,Vernice,vzumbuschel@jugem.jp,Female,9445 Sloan Parkway
5488481,Tara,tpopleeem@google.ca,Female,4 Everett Park
5488482,Greta,gkirvinen@desdev.cn,Female,4016 Arizona Trail
5488483,Derron,dbondareo@reverbnation.com,Male,296 Meadow Ridge Junction
5488484,Loise,legglestoneep@furl.net,Female,6 Doe Crossing Point
5488485,Jere,jgainforteq@zimbio.com,Male,0 Old Shore Plaza
5488486,Keri,kknappeer@prweb.com,Female,321 Dahle Terrace
5488487,Dottie,dpoxones@seattletimes.com,Female,7 Northview Plaza
5488488,Marni,mshallcrasset@omniture.com,Female,9 Heffernan Court
5488489,Tobias,telesandereu@etsy.com,Male,7 Heath Parkway
5488490,Levey,lsweetev@feedburner.com,Male,62090 Hollow Ridge Terrace
5488491,Adan,abuckieew@seattletimes.com,Female,82269 Hauk Parkway
5488492,Ripley,rdeneex@typepad.com,Male,18433 Hovde Park
5488493,Lanna,lgottschalkey@wired.com,Female,73460 Calypso Crossing
5488494,Barney,bfetherstonhaughez@cbc.ca,Male,81 Miller Way
5488495,Lia,lsmeef0@apple.com,Female,84 Green Ridge Trail
5488496,Sasha,smanningf1@bbc.co.uk,Female,60 Oakridge Lane
5488497,Gleda,gguideraf2@delicious.com,Female,10 Amoth Center
5488498,Agretha,ahorsfieldf3@huffingtonpost.com,Female,42563 Stone Corner Center
5488499,Gerardo,gmaccoughenf4@cpanel.net,Male,7 Kropf Street
5488500,Hettie,hdimondf5@artisteer.com,Female,06 Annamark Circle
5488501,Artus,aabrashkovf6@webnode.com,Male,08 Maryland Circle
5488502,Panchito,pderlef7@deviantart.com,Male,798 Eliot Trail
5488503,Brennan,bgyngyllf8@eepurl.com,Male,7 Hanson Drive
5488504,See,stranterf9@utexas.edu,Male,3 Crowley Alley
5488505,Mora,msallingerfa@mapy.cz,Female,90 Mccormick Plaza
5488506,Colver,cscandredfb@ft.com,Male,7715 Beilfuss Plaza
5488507,Vidovik,vwaszczykfc@angelfire.com,Male,663 Manley Place
5488508,Vasilis,vlauxfd@rambler.ru,Male,07 Autumn Leaf Park
5488509,Shaughn,sraddanfe@vkontakte.ru,Male,889 Spohn Street
5488510,Hermann,harlottff@usda.gov,Male,7 Corry Terrace
5488511,Kimberlee,kchestneyfg@harvard.edu,Female,620 Jenifer Road
5488512,Caty,cgarfittfh@yahoo.co.jp,Female,88708 Cottonwood Drive
5488513,Fran,fcasburnfi@360.cn,Male,19100 Briar Crest Road
5488514,Meara,mwoolgerfj@tinypic.com,Female,49 Redwing Parkway
5488515,Herbert,hmaffiolettifk@ow.ly,Male,7 Jenna Court
5488516,Zabrina,ztroakfl@gnu.org,Female,7412 Ramsey Avenue
5488517,Roseanna,rvoelkerfm@slate.com,Female,918 Lotheville Junction
5488518,Oates,okirragefn@hostgator.com,Male,14 Sunfield Street
5488519,Elnora,efarlandfo@zdnet.com,Female,5274 Crownhardt Drive
5488520,Terrell,tmachargfp@telegraph.co.uk,Male,240 Sunbrook Street
5488521,Germain,glenehamfq@weibo.com,Male,4614 Pepper Wood Parkway
5488522,Ara,ayuryichevfr@whitehouse.gov,Male,57450 Ronald Regan Parkway
5488523,Benedicta,btapporfs@wikimedia.org,Female,5470 Milwaukee Pass
5488524,Greggory,gbernardellift@yellowbook.com,Male,77 Bayside Terrace
5488525,Guthrey,gclinnickfu@vkontakte.ru,Male,836 Eagle Crest Hill
5488526,Mildred,mbasketfieldfv@behance.net,Female,6 Corry Street
5488527,Marcy,mpomfretfw@prweb.com,Female,38355 Fieldstone Plaza
5488528,Harriet,hantonikovfx@google.com,Female,197 Scoville Road
5488529,Jemmy,jeddingtonfy@gravatar.com,Female,6 Cardinal Trail
5488530,Yul,yaskemfz@ocn.ne.jp,Male,816 Pepper Wood Place
5488531,Peadar,pfineyg0@thetimes.co.uk,Male,9 Haas Trail
5488532,Terrence,tgurwoodg1@ow.ly,Male,55695 Kedzie Road
5488533,Vaclav,vdavieg2@xinhuanet.com,Male,7 Lukken Road
5488534,Skip,sbreukelmang3@jalbum.net,Male,07 Kensington Terrace
5488535,Raleigh,rkarlolakg4@toplist.cz,Male,3671 Bartillon Lane
5488536,Gustav,gmathewg5@mit.edu,Male,6 Towne Circle
5488537,Mariele,mpuddefootg6@about.com,Female,865 Monterey Pass
5488538,Jojo,jwyvillg7@phoca.cz,Female,805 Tony Crossing
5488539,Carri,codog8@cam.ac.uk,Female,9 Grasskamp Hill
5488540,Warden,wberkag9@behance.net,Male,0282 Melvin Avenue
5488541,Daryle,dcovellega@mac.com,Male,39 Anthes Hill
5488542,Katusha,kpilgrimgb@meetup.com,Female,34731 Logan Center
5488543,Tabbitha,thullinsgc@kickstarter.com,Female,60 Karstens Court
5488544,Keith,kdanielougd@youtube.com,Male,685 Monterey Center
5488545,Roxanna,rcrostonge@is.gd,Female,40 Beilfuss Center
5488546,Melisse,mhawleygf@europa.eu,Female,84 Upham Alley
5488547,Dalia,dmoiseygg@joomla.org,Female,905 Jay Pass
5488548,Marleen,mdarrigonegh@ibm.com,Female,98 Anthes Center
5488549,Alyssa,aoxbygi@booking.com,Female,6516 Everett Hill
5488550,Anthia,afarnishgj@ibm.com,Female,10837 3rd Street
5488551,Brandyn,bstedellgk@prnewswire.com,Male,3321 Schmedeman Hill
5488552,Shandeigh,spavelkagl@alexa.com,Female,944 Merchant Hill
5488553,Bartlet,bkingmangm@google.com.hk,Male,818 Grayhawk Parkway
5488554,Patrizia,parmatidgegn@bizjournals.com,Female,95 Anderson Circle
5488555,Elbertina,evasselgo@redcross.org,Female,0 Novick Hill
5488556,Sukey,swarretgp@eepurl.com,Female,8857 Portage Crossing
5488557,Kristofer,kmoengq@etsy.com,Male,0 Macpherson Avenue
5488558,Care,csebrookgr@163.com,Male,948 Warner Place
5488559,Ruthi,rcantgs@scientificamerican.com,Female,4207 Thierer Alley
5488560,Tess,tkoschekgt@discuz.net,Female,7 Duke Lane
5488561,Michelle,mradenhurstgu@globo.com,Female,270 Milwaukee Alley
5488562,Terry,tstirmangv@simplemachines.org,Male,4520 Kinsman Trail
5488563,Victor,vmustoegw@clickbank.net,Male,34567 Gateway Court
5488564,Patric,psillimangx@simplemachines.org,Male,33 Monica Hill
5488565,Bo,bvallancegy@arstechnica.com,Male,63618 Annamark Place
5488566,Glendon,ghynesgz@meetup.com,Male,3237 Lakeland Street
5488567,Alfreda,abutlandh0@mayoclinic.com,Female,68 Surrey Avenue
5488568,Grant,glothlorienh1@ucoz.ru,Male,30 Center Lane
5488569,Cordie,cbloreh2@statcounter.com,Male,1 Granby Junction
5488570,Othilia,omalimoeh3@latimes.com,Female,3418 East Pass
5488571,Ray,rjakovh4@phoca.cz,Male,7180 Center Avenue
5488572,Herrick,hmcminnh5@nba.com,Male,9 Nova Plaza
5488573,Theresina,tbengerh6@blogtalkradio.com,Female,5485 Armistice Drive
5488574,Mac,mitshakh7@wikipedia.org,Male,84 Dayton Court
5488575,Seth,srivetth8@mozilla.org,Male,2310 Gina Trail
5488576,Chickie,cdollenh9@unesco.org,Female,1740 Novick Circle
5488577,Mathias,msummerillha@cbc.ca,Male,23414 Farwell Pass
5488578,Thekla,tbeckitthb@nifty.com,Female,1139 Northridge Way
5488579,Sumner,smillardhc@soup.io,Male,45473 Shopko Way
5488580,Massimo,mtimbyhd@delicious.com,Male,7631 Kim Trail
5488581,Ronica,rkimberlyhe@themeforest.net,Female,370 Manufacturers Park
5488582,Barron,bmerredyhf@mac.com,Male,75664 Bellgrove Circle
5488583,Danielle,dpettigreehg@nsw.gov.au,Female,00244 Cottonwood Road
5488584,Barby,bweitzelhh@oakley.com,Female,09359 Darwin Hill
5488585,Fax,fgiacobonihi@symantec.com,Male,33475 Ridge Oak Junction
5488586,Jorry,jcohrhj@google.es,Female,237 Service Plaza
5488587,Dorelia,dseymourhk@google.cn,Female,47305 Caliangt Trail
5488588,Annie,avoashl@privacy.gov.au,Female,2 Grim Crossing
5488589,Frankie,fwhatsonhm@narod.ru,Male,1 Warrior Crossing
5488590,Karyl,kalwayhn@liveinternet.ru,Female,5 Ruskin Terrace
5488591,Adena,aphidginho@squidoo.com,Female,2 Grayhawk Place
5488592,Annnora,acurwoodhp@squidoo.com,Female,68860 Blue Bill Park Drive
5488593,Giorgi,ggoodlatthq@archive.org,Male,887 Morrow Place
5488594,Felisha,fgreghhr@patch.com,Female,1519 Memorial Street
5488595,Penny,psymcoxhs@list-manage.com,Male,5313 Pearson Crossing
5488596,Fifi,fkarlssonht@cornell.edu,Female,29206 Sullivan Plaza
5488597,Brittaney,bpickerellhu@yahoo.co.jp,Female,34348 Golden Leaf Center
5488598,Charlean,cbortolinihv@fc2.com,Female,31 Dottie Terrace
5488599,Washington,wshulemhw@buzzfeed.com,Male,05090 Eliot Court
5488600,Solomon,sprangerhx@myspace.com,Male,3 Golden Leaf Point
5488601,Alard,amckaguehy@newyorker.com,Male,029 Hazelcrest Court
5488602,Katalin,kpoinsetthz@nyu.edu,Female,6 Valley Edge Court
5488603,Lacie,lmollenei0@nbcnews.com,Female,7404 Weeping Birch Place
5488604,Gerry,gnotmani1@samsung.com,Male,59089 Shoshone Terrace
5488605,Mendy,mherriesi2@xrea.com,Male,91 Sachs Road
5488606,Brit,bpayni3@geocities.jp,Female,2 Vahlen Alley
5488607,Laney,lmelburyi4@ucsd.edu,Female,285 Kinsman Crossing
5488608,Pancho,pcanni5@ucla.edu,Male,0 Banding Trail
5488609,Conny,cleipoldti6@yolasite.com,Male,5 Dayton Point
5488610,Arabella,ayorathi7@nsw.gov.au,Female,9 Garrison Point
5488611,Cris,ckoberai8@hexun.com,Male,2529 Bowman Road
5488612,Spence,shuffi9@spotify.com,Male,7 Crowley Circle
5488613,Gabi,gdelcastelia@hc360.com,Male,660 Amoth Center
5488614,Arnie,ayggoib@imgur.com,Male,3698 Pawling Place
5488615,Kayley,kborrowsic@ycombinator.com,Female,4 Meadow Ridge Plaza
5488616,Lou,lghionid@ucoz.ru,Female,0853 Weeping Birch Parkway
5488617,Jermaine,jhadlowie@phpbb.com,Male,253 Warner Point
5488618,Elladine,estanistreteif@youtu.be,Female,7222 Bartillon Road
5488619,Hannis,hfowlstonig@lulu.com,Female,5 Lindbergh Park
5488620,Brett,bblayih@google.pl,Female,0264 Goodland Lane
5488621,Cherilynn,cklimkovii@ucoz.com,Female,10 Nancy Terrace
5488622,Sarine,skonmannij@xrea.com,Female,5 Buhler Way
5488623,Annalee,ainnesik@europa.eu,Female,43094 Carberry Lane
5488624,Zebedee,zhitzkeil@wiley.com,Male,42 Daystar Hill
5488625,Bob,btimnyim@state.tx.us,Male,0 Canary Street
5488626,Ricki,rdjorevicin@dropbox.com,Female,1 Acker Circle
5488627,Blair,bmcduffieio@netvibes.com,Female,357 Banding Point
5488628,Adelind,apoip@opera.com,Female,1 Westend Place
5488629,Clarabelle,cfozardiq@com.com,Female,96 Norway Maple Plaza
5488630,Darrell,dboldingir@un.org,Male,6402 Cardinal Circle
5488631,Leelah,lsambellis@usnews.com,Female,3892 Bartillon Circle
5488632,Olivero,ohaselit@webs.com,Male,284 Merrick Road
5488633,Gaylord,ghearnamaniu@miibeian.gov.cn,Male,17302 Crest Line Road
5488634,Cybil,churdiv@people.com.cn,Female,62049 Harper Circle
5488635,Linda,livasechkoiw@salon.com,Female,42006 Susan Street
5488636,Barb,bholtix@ycombinator.com,Female,01 Longview Junction
5488637,Hunt,hlarmuthiy@epa.gov,Male,32540 Merchant Point
5488638,Nicola,nraweiz@webmd.com,Male,69 Debs Street
5488639,Davey,dworsleyj0@uol.com.br,Male,318 Utah Way
5488640,Barbey,bbarochej1@multiply.com,Female,54 Esch Court
5488641,Rodrique,rsedcolej2@bluehost.com,Male,0 Knutson Drive
5488642,Janith,joverstallj3@shinystat.com,Female,203 Corry Plaza
5488643,Barrie,bhakej4@newyorker.com,Male,734 Killdeer Pass
5488644,Franny,fbetserj5@weebly.com,Male,837 Katie Parkway
5488645,Deena,dpolonj6@w3.org,Female,0 Kennedy Circle
5488646,Forbes,fjindracekj7@drupal.org,Male,0203 Chive Lane
5488647,Elberta,ejeandillouj8@netlog.com,Female,56742 Dryden Junction
5488648,Hillery,halexandrouj9@youtu.be,Male,8 Garrison Street
5488649,Ange,apenhaleja@google.com.hk,Male,61 Shopko Pass
5488650,Doug,dyakovljb@meetup.com,Male,2 Jackson Parkway
5488651,Emmie,ebourgesjc@howstuffworks.com,Female,4 Mariners Cove Center
5488652,Nero,ngolbyjd@slideshare.net,Male,4 Norway Maple Way
5488653,Brandon,bberrillje@technorati.com,Male,4 6th Street
5488654,Arlan,abergenjf@fastcompany.com,Male,82 Porter Crossing
5488655,Griffin,gmcdugaljg@forbes.com,Male,46 6th Avenue
5488656,Abel,ahattamjh@elegantthemes.com,Male,57728 Comanche Alley
5488657,Kipper,kcreamji@networksolutions.com,Male,5 Buena Vista Crossing
5488658,Uri,uchaimsonjj@shutterfly.com,Male,56439 Rigney Plaza
5488659,Jaquith,jcotmorejk@slate.com,Female,90 Alpine Circle
5488660,Lombard,lfrigoutjl@skype.com,Male,1 Holmberg Street
5488661,Brandea,bleacockjm@google.com.br,Female,3 Marquette Court
5488662,Chryste,ccoyettjn@youku.com,Female,5942 Goodland Circle
5488663,Waite,wstrutherjo@cnbc.com,Male,63 Mallory Trail
5488664,Daniel,dsowterjp@foxnews.com,Male,3514 Springs Park
5488665,Pammy,pchominskijq@senate.gov,Female,3 Westport Terrace
5488666,Ryun,rgoodramjr@netlog.com,Male,02 Daystar Park
5488667,Freedman,fbolstridgejs@samsung.com,Male,5 Service Plaza
5488668,Dwayne,dclaridgejt@princeton.edu,Male,599 Gateway Circle
5488669,Maje,mjeppju@fda.gov,Male,957 Leroy Road
5488670,Anstice,acaddenjv@purevolume.com,Female,81 Myrtle Crossing
5488671,Stevana,sseydlitzjw@virginia.edu,Female,2422 Di Loreto Plaza
5488672,Ellynn,ewinsorjx@nih.gov,Female,989 Oriole Alley
5488673,Suzy,swarbyjy@hhs.gov,Female,20 4th Street
5488674,Salim,sbusherjz@dion.ne.jp,Male,983 Moulton Drive
5488675,Ian,iscanderetk0@howstuffworks.com,Male,650 Valley Edge Trail
5488676,Kerry,kupstellk1@chronoengine.com,Female,4480 Talmadge Park
5488677,Sigfried,sbratcherk2@sciencedirect.com,Male,226 Fairfield Park
5488678,Tedman,tturbillk3@un.org,Male,60 Kim Alley
5488679,Marlin,mdyerk4@discuz.net,Male,69 Iowa Junction
5488680,Rafi,rstollek5@marketwatch.com,Male,5 Gateway Point
5488681,Tania,twhaphamk6@hugedomains.com,Female,9349 Coleman Avenue
5488682,Kaja,kstroderk7@timesonline.co.uk,Female,651 Buell Circle
5488683,Francesco,fborzonik8@typepad.com,Male,7428 Banding Junction
5488684,Nariko,nretterk9@seesaa.net,Female,48 Walton Trail
5488685,Duffy,dhenrieka@nps.gov,Male,46883 Calypso Alley
5488686,Tallie,tbowaterkb@smugmug.com,Female,21608 Harbort Street
5488687,Ferrel,fwimbridgekc@lulu.com,Male,094 Prentice Place
5488688,Mella,mpuddenkd@wikipedia.org,Female,72 Riverside Crossing
5488689,Ode,ojouannotke@360.cn,Male,2 Golf Way
5488690,Suzi,sphilipssonkf@google.fr,Female,4356 Huxley Crossing
5488691,Piper,pgarmonskg@amazon.de,Female,7 Little Fleur Road
5488692,Spencer,ssallanskh@typepad.com,Male,050 Lunder Park
5488693,Karel,kbaberki@comsenz.com,Male,34 Roth Junction
5488694,Ellary,estorerkj@parallels.com,Male,59 Sycamore Point
5488695,Josie,jmaliakk@privacy.gov.au,Female,325 Goodland Center
5488696,Holly,hpirellikl@java.com,Male,76 Ramsey Drive
5488697,Braden,bgossipinkm@washington.edu,Male,09298 Jana Way
5488698,Tove,tguyerskn@sphinn.com,Female,9 Corscot Trail
5488699,Mattias,mcastanoko@elpais.com,Male,5 Mcguire Plaza
5488700,Malynda,mchessumkp@instagram.com,Female,33 Hauk Crossing
5488701,Nil,nandorkq@t-online.de,Male,2195 Sommers Lane
5488702,Tabitha,tpeirpointkr@canalblog.com,Female,34 Blue Bill Park Road
5488703,Jocelyne,jjorezks@unesco.org,Female,5 Chive Way
5488704,Jessie,jdubblekt@tuttocitta.it,Male,9816 Forest Run Parkway
5488705,Rikki,rperotku@fotki.com,Female,73 Bashford Avenue
5488706,Ysabel,ywrothkv@exblog.jp,Female,090 Jenifer Street
5488707,Thorpe,tmochankw@apple.com,Male,5 Arizona Alley
5488708,Maurie,mpymmkx@icq.com,Male,2171 Vernon Crossing
5488709,Fiann,fhuegettky@berkeley.edu,Female,53078 Heath Parkway
5488710,Rivy,rbillyealdkz@phoca.cz,Female,01810 Manufacturers Place
5488711,Gwyneth,gclosel0@google.ru,Female,24933 Burrows Plaza
5488712,Olag,owhaleyl1@fastcompany.com,Male,02 Grasskamp Point
5488713,Morey,mdillistonl2@telegraph.co.uk,Male,334 Pond Junction
5488714,Silva,sharbererl3@hao123.com,Female,01 Westend Street
5488715,Jo,jgirardinil4@mozilla.com,Male,7181 Buell Road
5488716,Noll,nmcnabbl5@epa.gov,Male,7 Lotheville Parkway
5488717,Meridith,mtesdalel6@webnode.com,Female,7 Johnson Park
5488718,Benedikta,bmccauleyl7@amazon.com,Female,75 Hagan Center
5488719,Con,cjedrychl8@nps.gov,Male,573 East Crossing
5488720,Crosby,cleavesleyl9@google.ru,Male,6173 Wayridge Center
5488721,Hazlett,hsussamsla@weather.com,Male,6840 Macpherson Drive
5488722,Barnebas,bdinglelb@discovery.com,Male,8505 Shopko Terrace
5488723,Rafaello,rkilianlc@salon.com,Male,08862 Bashford Road
5488724,Bernita,bbabbeld@guardian.co.uk,Female,83900 Rieder Street
5488725,Vanni,vhefferle@independent.co.uk,Female,35 Bayside Terrace
5488726,Chaddie,ccicchettolf@ucsd.edu,Male,72775 Service Avenue
5488727,Dyan,dweerdenburglg@ftc.gov,Female,7130 Northview Point
5488728,Lynette,leidlerlh@intel.com,Female,75787 Corry Avenue
5488729,Matthiew,mhoppnerli@lulu.com,Male,02 Summer Ridge Park
5488730,Desdemona,dbauchoplj@etsy.com,Female,0065 Lindbergh Point
5488731,Omero,ocresswelllk@is.gd,Male,81526 Warbler Street
5488732,Ara,apumfrettll@lycos.com,Female,998 Caliangt Court
5488733,Misha,mbrownlowlm@tmall.com,Female,7695 Schlimgen Crossing
5488734,Biron,bkrugmannln@blogtalkradio.com,Male,6868 Weeping Birch Drive
5488735,Alexandra,amerrelllo@unblog.fr,Female,5404 Springview Pass
5488736,Crystie,cmingolp@weibo.com,Female,0 Vahlen Center
5488737,Tab,tsmaillq@mashable.com,Male,8 Glendale Terrace
5488738,Filberto,fmillwaterlr@cafepress.com,Male,449 Mosinee Circle
5488739,Delores,ddowdellls@oaic.gov.au,Female,5981 Washington Terrace
5488740,Tracie,tgarbottlt@sourceforge.net,Female,71 Pepper Wood Junction
5488741,Duffy,dstewartsonlu@behance.net,Male,98 Nelson Junction
5488742,Jeramie,jdemeterlv@google.com.hk,Male,148 Dayton Circle
5488743,Erie,eprogerlw@dyndns.org,Male,372 Cascade Road
5488744,Curry,cbendlelx@chronoengine.com,Male,0176 Bunker Hill Drive
5488745,Nerissa,ndeakanly@fotki.com,Female,748 Sullivan Street
5488746,Cicely,cclaremontlz@artisteer.com,Female,3822 Mockingbird Pass
5488747,Victoir,vcoxhellm0@prweb.com,Male,8116 Namekagon Pass
5488748,Mattie,mskellingtonm1@theatlantic.com,Female,3810 Kedzie Trail
5488749,Ode,onuemannm2@exblog.jp,Male,20 Nelson Junction
5488750,Samuele,sschulkem3@squidoo.com,Male,8909 Elgar Lane
5488751,Betty,bjeaffersonm4@oracle.com,Female,18 Tony Road
5488752,Clarence,clogsdalem5@cnet.com,Male,58 Tony Center
5488753,Abbi,aweemsm6@is.gd,Female,421 Mcbride Crossing
5488754,Bette-ann,bgregorem7@blogspot.com,Female,250 Anhalt Hill
5488755,Shirlene,sgalem8@home.pl,Female,81912 Anzinger Avenue
5488756,Cindy,clevim9@google.de,Female,40860 Eastwood Crossing
5488757,Berenice,bmillettma@si.edu,Female,3 Northview Hill
5488758,Jillie,jbraammb@blogtalkradio.com,Female,6883 Hagan Street
5488759,Nevsa,ncradduckmc@imageshack.us,Female,29874 Gateway Park
5488760,Chariot,cdaldanmd@wisc.edu,Male,8 Southridge Place
5488761,Yasmeen,ysebleyme@samsung.com,Female,520 Maple Lane
5488762,Joan,jkorbmf@slashdot.org,Female,2506 Pawling Junction
5488763,Melodee,mmcdouglemg@diigo.com,Female,60586 Northfield Circle
5488764,Sydney,sdallindermh@wikia.com,Female,2 Menomonie Trail
5488765,Laurena,lzanninimi@symantec.com,Female,5494 Duke Park
5488766,Ian,ifoffanomj@issuu.com,Male,460 Forster Pass
5488767,Ely,egowenlockmk@rakuten.co.jp,Male,1 Bunker Hill Place
5488768,Nichol,nscholeml@gov.uk,Female,96 Oak Valley Road
5488769,Alex,adobrowskimm@sourceforge.net,Male,6 Sachtjen Pass
5488770,Ban,bsouthwellmn@skyrock.com,Male,8476 Grover Alley
5488771,Shepherd,smccritichiemo@dailymotion.com,Male,90095 Hovde Way
5488772,Alwyn,agiorgiuttimp@bloglovin.com,Male,688 Summer Ridge Alley
5488773,Frank,fhorsburghmq@prnewswire.com,Female,97 Elka Drive
5488774,Kirk,kbridiemr@yelp.com,Male,1 Declaration Crossing
5488775,Maryrose,mmecoms@businesswire.com,Female,276 Westerfield Trail
5488776,Even,eluismt@wikipedia.org,Male,80112 Evergreen Circle
5488777,Imojean,ioxmu@hud.gov,Female,183 Main Trail
5488778,Rivy,rbutfieldmv@rediff.com,Female,44735 Dayton Pass
5488779,Emmey,epeplaymw@un.org,Female,9 Pawling Center
5488780,Waylen,wgutowskamx@scientificamerican.com,Male,181 Morrow Way
5488781,Abelard,afrankesmy@paginegialle.it,Male,8406 Green Ridge Alley
5488782,Dun,dgroucuttmz@bbc.co.uk,Male,0 Northland Parkway
5488783,Hashim,hmacaskien0@angelfire.com,Male,088 Redwing Alley
5488784,Lynn,lfishleyn1@amazon.de,Female,855 Golf Avenue
5488785,Jeremiah,jduchann2@networksolutions.com,Male,3 Mariners Cove Drive
5488786,Deanne,dbraddern3@java.com,Female,80562 Fuller Center
5488787,Bartholomew,brobakn4@springer.com,Male,10 Artisan Parkway
5488788,Wit,wvandervelden5@fc2.com,Male,331 Almo Drive
5488789,Dwain,ddeluen6@usatoday.com,Male,38 Green Way
5488790,Roderigo,rdurtnalln7@netvibes.com,Male,45 Independence Point
5488791,Neill,nicken8@comsenz.com,Male,910 Crowley Junction
5488792,Ulrike,ugynnin9@salon.com,Female,0661 Vahlen Point
5488793,Pat,pconduitna@ovh.net,Male,5384 North Park
5488794,Garrard,gbirtwistlenb@whitehouse.gov,Male,09 Hayes Crossing
5488795,Claudette,crainbirdnc@columbia.edu,Female,81 Northridge Drive
5488796,Fara,fzaczeknd@google.com.hk,Female,30 Maywood Alley
5488797,Rosabel,rkenewellne@tripadvisor.com,Female,293 Ridge Oak Road
5488798,Alberto,abeamishnf@guardian.co.uk,Male,3616 Rockefeller Court
5488799,West,wstokoeng@ustream.tv,Male,2184 Weeping Birch Road
5488800,Katheryn,ktwistnh@weebly.com,Female,91886 Reinke Terrace
5488801,Beryl,bkelsowni@opera.com,Female,832 Butternut Place
5488802,Andrew,amalkinsonnj@slashdot.org,Male,5142 Daystar Park
5488803,Dorise,dbernadonnk@mapquest.com,Female,4911 Blue Bill Park Center
5488804,Bertha,bfitzroynl@harvard.edu,Female,06210 Spohn Hill
5488805,Silvano,sbradbornenm@cpanel.net,Male,23036 Doe Crossing Alley
5488806,Lisa,lguidininn@domainmarket.com,Female,1 Lakewood Gardens Crossing
5488807,Roselia,rcollenno@unblog.fr,Female,3 Mayer Junction
5488808,Beryl,bfrapenp@washingtonpost.com,Female,3 Mallard Place
5488809,Tades,tleesnq@1und1.de,Male,734 Homewood Hill
5488810,Stanwood,sklimeckinr@nba.com,Male,57156 Grover Court
5488811,Raye,rhartridgens@slideshare.net,Female,36 3rd Park
5488812,Chevalier,cmathevonnt@netvibes.com,Male,07 Talisman Alley
5488813,Morry,mbittlesonnu@yandex.ru,Male,60 Wayridge Park
5488814,Jorgan,jgernernv@amazon.com,Male,92922 Texas Plaza
5488815,Bernadine,bskeldingenw@wsj.com,Female,70 Browning Center
5488816,Rutger,rcurtoysnx@goo.ne.jp,Male,69 High Crossing Plaza
5488817,Edi,epawelny@deviantart.com,Female,6879 Jenna Point
5488818,Marilee,mdillonnz@addtoany.com,Female,5224 Warner Pass
5488819,Perkin,praymeno0@creativecommons.org,Male,92 Cascade Hill
5488820,Florian,fwerlocko1@shutterfly.com,Male,66275 Moose Plaza
5488821,Verney,vlaxstono2@wiley.com,Male,447 Scott Circle
5488822,Brittne,bbritteno3@earthlink.net,Female,113 Old Shore Drive
5488823,Norine,nbagshaweo4@house.gov,Female,2 Park Meadow Trail
5488824,Kermy,kbeafordo5@etsy.com,Male,5801 Mallory Parkway
5488825,Neel,nchaffino6@yolasite.com,Male,00 Rutledge Circle
5488826,Sigismond,stooko7@spotify.com,Male,0279 Messerschmidt Crossing
5488827,Bordie,bschuberto8@sciencedaily.com,Male,08635 Manufacturers Point
5488828,Randee,rlibbeo9@drupal.org,Female,446 Kenwood Road
5488829,Druci,dthuillieroa@uol.com.br,Female,1577 Westerfield Trail
5488830,Franz,fbrownellob@infoseek.co.jp,Male,54936 Village Park
5488831,Fidela,ffroudeoc@usnews.com,Female,4786 Fair Oaks Way
5488832,Merissa,mmckennaod@admin.ch,Female,649 Hazelcrest Terrace
5488833,Germayne,gsesonoe@bigcartel.com,Male,61 Schmedeman Pass
5488834,Patrizius,pgolledgeof@flickr.com,Male,1 Delaware Hill
5488835,Cecilius,ckarchowskiog@imageshack.us,Male,10670 Steensland Alley
5488836,Farlie,fyesoh@mozilla.org,Male,15845 Prairie Rose Plaza
5488837,Sanford,sricardouoi@squidoo.com,Male,97767 Utah Parkway
5488838,Josi,jpessoltoj@hostgator.com,Female,7 Warbler Terrace
5488839,Graham,gcadaganok@phoca.cz,Male,94 Thompson Terrace
5488840,Wilmer,womaileyol@craigslist.org,Male,23536 Hudson Circle
5488841,Gerri,gbelchamom@independent.co.uk,Male,79947 Hintze Center
5488842,Tremaine,ttheuffon@blinklist.com,Male,31502 Bluestem Way
5488843,Nikolai,nwaldockoo@hugedomains.com,Male,57 Anderson Hill
5488844,Emmery,eshalcrosop@walmart.com,Male,80618 Hauk Point
5488845,Timmy,tabatellioq@netscape.com,Male,365 Buell Road
5488846,Farrah,fjulienor@creativecommons.org,Female,55 Northview Park
5488847,Winnah,wchristoffersenos@mtv.com,Female,4 Heffernan Road
5488848,Chandal,cwoolhamot@bloglovin.com,Female,67 Thackeray Pass
5488849,Alanah,arippingallou@yahoo.com,Female,00 Old Gate Place
5488850,Shaw,slawleyov@businesswire.com,Male,51354 Lakewood Way
5488851,Leicester,llardezow@hexun.com,Male,37 Spenser Street
5488852,Kristy,khaquinox@latimes.com,Female,1783 Toban Pass
5488853,Elias,evlasyukoy@bizjournals.com,Male,5958 Reinke Lane
5488854,Rosalie,rgellettoz@jiathis.com,Female,73240 Dixon Terrace
5488855,Pauly,pswinleyp0@tinyurl.com,Male,79 Duke Center
5488856,Chucho,cbramhillp1@nydailynews.com,Male,946 Tomscot Plaza
5488857,Kriste,kmcginnisp2@newsvine.com,Female,43 Northwestern Junction
5488858,Justinian,joilierp3@dagondesign.com,Male,5 Fairfield Way
5488859,Marsh,mcoklyp4@51.la,Male,42099 Waubesa Avenue
5488860,Bryana,bclementetp5@discovery.com,Female,089 2nd Alley
5488861,Pat,pgalvinp6@wikimedia.org,Female,28 Briar Crest Alley
5488862,Devora,dmurrellp7@amazon.com,Female,66817 Debs Road
5488863,Desirae,dcockburnp8@tamu.edu,Female,789 Melody Circle
5488864,Nevin,nfrancoisp9@wix.com,Male,51028 Nobel Lane
5488865,Tara,tinklespa@ftc.gov,Female,8123 Anthes Point
5488866,Skylar,sparsonagepb@vk.com,Male,354 Eagan Crossing
5488867,Glyn,gjainepc@homestead.com,Female,08654 Blaine Drive
5488868,Dougy,dbrannonpd@pen.io,Male,8564 Porter Point
5488869,Emmalynn,ebazogepe@ebay.com,Female,2104 Messerschmidt Way
5488870,Barbara-anne,bmacpeicepf@github.io,Female,4886 Alpine Street
5488871,Biron,bcantypg@discovery.com,Male,3 Esch Center
5488872,Anders,apleasaunceph@about.me,Male,52 Fieldstone Alley
5488873,Carita,csodopi@soup.io,Female,61 Mayer Alley
5488874,Malchy,mwardpj@boston.com,Male,911 Westridge Trail
5488875,Tandie,talvespk@google.com,Female,537 Graceland Park
5488876,Dianne,dducketpl@meetup.com,Female,2 Mayer Trail
5488877,Carmine,cwhelpdalepm@illinois.edu,Female,72025 Merrick Avenue
5488878,Lem,lgrandpn@theglobeandmail.com,Male,30397 Transport Road
5488879,Morena,msacklerpo@oracle.com,Female,26185 Algoma Crossing
5488880,Shari,sridgerspp@stanford.edu,Female,974 5th Hill
5488881,Jonas,jgoddingpq@nih.gov,Male,579 Columbus Junction
5488882,Cassi,ccowthartpr@pagesperso-orange.fr,Female,8 Bowman Street
5488883,Cilka,cleminps@liveinternet.ru,Female,4653 Gateway Place
5488884,Sally,slyddonpt@gmpg.org,Female,10163 Straubel Road
5488885,Brenda,bbluschkepu@zimbio.com,Female,3 Warbler Point
5488886,Angele,acompfortpv@blinklist.com,Female,31 Mendota Hill
5488887,Dulce,dmanzpw@census.gov,Female,19 Maple Court
5488888,Larina,lavrasinpx@angelfire.com,Female,2690 Caliangt Point
5488889,Demetris,dthezepy@noaa.gov,Male,71 Springs Plaza
5488890,Paulie,plorkingpz@woothemes.com,Female,7 Sullivan Lane
5488891,Sayre,smckerlieq0@skyrock.com,Male,4552 Annamark Way
5488892,Helyn,htoyerq1@networkadvertising.org,Female,5 Oriole Place
5488893,Magdalene,mmeronq2@newyorker.com,Female,20540 Kipling Point
5488894,Hertha,hdorsayq3@flavors.me,Female,25519 Gale Plaza
5488895,Jordon,jropartzq4@artisteer.com,Male,233 New Castle Trail
5488896,Dane,dcopleyq5@taobao.com,Male,069 Bay Pass
5488897,Ewen,elafuenteq6@buzzfeed.com,Male,7469 2nd Parkway
5488898,Benn,bbarwiseq7@networkadvertising.org,Male,46 Glacier Hill Plaza
5488899,Temp,tmitchelsonq8@webnode.com,Male,9 Mifflin Hill
5488900,Melisse,mdolbeyq9@theguardian.com,Female,5433 Bartillon Center
5488901,Yoshi,ylemeryqa@irs.gov,Female,426 Fairfield Center
5488902,Yolanda,yvandermarkqb@slideshare.net,Female,56971 Donald Circle
5488903,Ebonee,eraistrickqc@imdb.com,Female,8 Transport Way
5488904,Pieter,pjillsqd@cornell.edu,Male,859 Comanche Circle
5488905,Amberly,ahowtonqe@stumbleupon.com,Female,11 Donald Plaza
5488906,Andreana,arobbelqf@usatoday.com,Female,7488 Manitowish Plaza
5488907,Arlin,amarrionqg@over-blog.com,Male,50320 West Avenue
5488908,Ferdinand,fbaterqh@quantcast.com,Male,315 Aberg Plaza
5488909,Whitney,wdeamqi@cbc.ca,Male,1 Truax Way
5488910,Shermie,sgiralqj@imageshack.us,Male,60 Mandrake Hill
5488911,Trixy,tmcloughlinqk@blogspot.com,Female,083 Lakewood Trail
5488912,Yetty,ypalfrieql@flickr.com,Female,804 Fulton Alley
5488913,Jacinthe,jablittqm@spiegel.de,Female,3 Prairieview Park
5488914,Shelden,sjanaszkiewiczqn@tiny.cc,Male,434 Westport Plaza
5488915,Bealle,bgligorijevicqo@addtoany.com,Male,693 Colorado Junction
5488916,Marlyn,mstickleyqp@360.cn,Female,0 Mccormick Pass
5488917,Susann,sdiemqq@nps.gov,Female,74 Mandrake Drive
5488918,Darrel,dludovicoqr@acquirethisname.com,Male,857 Norway Maple Street
5488919,Fremont,fraggettqs@ftc.gov,Male,199 Longview Road
5488920,Linnie,letoileqt@ucsd.edu,Female,71415 Loftsgordon Street
5488921,Ron,rnaniqu@blinklist.com,Male,1763 2nd Circle
5488922,Andras,ajorckqv@nationalgeographic.com,Male,4 Reinke Plaza
5488923,Ricardo,rlegassickqw@boston.com,Male,23289 Rowland Plaza
5488924,Max,mjarleyqx@wiley.com,Female,551 Eagan Center
5488925,Becka,bfilkinqy@dailymail.co.uk,Female,1 Knutson Plaza
5488926,Dew,dfacheqz@ucoz.ru,Male,77 Hudson Lane
5488927,Niels,nmacswayder0@omniture.com,Male,2 Summit Center
5488928,Trent,twildsmithr1@bbc.co.uk,Male,25654 Reinke Court
5488929,Ode,oboutcherr2@dion.ne.jp,Male,43 Knutson Plaza
5488930,Rachelle,rpetrussir3@digg.com,Female,770 Grim Pass
5488931,Florry,fscougalr4@wunderground.com,Female,28 Hovde Trail
5488932,Selene,sbrodheadr5@google.co.jp,Female,5842 Katie Park
5488933,Marje,mpesselr6@arstechnica.com,Female,051 Arapahoe Park
5488934,Marigold,mbeeber7@constantcontact.com,Female,7 Hollow Ridge Circle
5488935,Brandea,bgiabuccir8@chicagotribune.com,Female,7654 Transport Street
5488936,Daria,dosheildsr9@shop-pro.jp,Female,7 Ludington Road
5488937,Barr,blemariera@nps.gov,Male,38193 Stoughton Street
5488938,Collette,cfilippozzirb@bluehost.com,Female,40670 Garrison Way
5488939,Gal,gdelavaletteparisotrc@nationalgeographic.com,Male,10 Chive Street
5488940,Randy,rpottlerd@intel.com,Male,1 Grim Park
5488941,Chilton,coffenre@indiatimes.com,Male,6600 Badeau Court
5488942,Manda,mrobilliardrf@scribd.com,Female,0 Stone Corner Street
5488943,Janie,jmansonrg@google.ru,Female,260 Hansons Circle
5488944,Luce,lheimsrh@senate.gov,Female,75 Memorial Parkway
5488945,Roseanna,rsweatingri@booking.com,Female,79 Pennsylvania Point
5488946,Thacher,tbenerrj@dropbox.com,Male,0 Raven Parkway
5488947,Stanislaw,skitherrk@facebook.com,Male,8 Jackson Place
5488948,Cyril,csalesrl@clickbank.net,Male,47 Bellgrove Trail
5488949,Koral,knuzztirm@reverbnation.com,Female,574 Summer Ridge Alley
5488950,Keriann,krichmondrn@ustream.tv,Female,973 Talisman Park
5488951,Clio,ctominiro@toplist.cz,Female,8 Lerdahl Place
5488952,Vivian,vcoveyrp@chron.com,Female,5963 Amoth Circle
5488953,Diana,dvanhallerq@google.de,Female,9 Jenna Trail
5488954,Cariotta,ctolmierr@amazon.com,Female,3608 Old Shore Way
